Navn,Kcal,Kategori
"Svin, bacon med svor, rå",339,kjøtt
"Svin, bogstek, kjøtt uten fettrand, rå",144,kjøtt
"Svin, bogstek, med fettrand, rå",220,kjøtt
"Svin, familieribbe, rå",328,kjøtt
"Svin, fettrand, rå",741,kjøtt
"Svin, flatbiff, rå",103,kjøtt
"Svin, grillben, rå",247,kjøtt
"Svin, indrefilet, rå",116,kjøtt
"Svin, kjøtt fra knoke, rå",151,kjøtt
"Svin, kotelett, kam, svinekotelett, uten fettrand, rå",168,kjøtt
"Svin, kotelett, kam, svinekoteletter, inntil 5 mm fettrand, rå",243,kjøtt
"Svin, midtribbe, med kam og svor, rå",328,kjøtt
"Svin, mørbrad, rå",215,kjøtt
"Svin, nakkekoteletter, rå",225,kjøtt
"Svin, sideflesk, lettsaltet, rå",301,kjøtt
"Svin, sideflesk, uten ben, rå",384,kjøtt
"Svin, skinke, med knoke, rå",219,kjøtt
"Svin, skinkestek med fettrand, uten svor, rå",221,kjøtt
"Svin, skinkestek, rå",130,kjøtt
"Svin, tynnribbe, med svor, rå",371,kjøtt
"Svin, ytrefilet, rå",110,kjøtt
"Svin, bacon med svor, stekt",452,kjøtt
"Svin, familieribbe, stekt",468,kjøtt
"Svin, flatbiff, stekt",138,kjøtt
"Svin, koteletter, kam med fettrand, stekt",348,kjøtt
"Svin, koteletter, kam uten fettrand, stekt",240,kjøtt
"Svin, nakkekoteletter, stekt",321,kjøtt
"Svin, sideflesk, lettsaltet, stekt",451,kjøtt
"Svin, stek uten fettrand, ovnsstekt",186,kjøtt
"Svin, stek, med fettrand, ovnsstekt",313,kjøtt
"Blod, okse, rå",77,kjøttdeig mm.
"Elg, ytterlår, stek, rå",100,kjøttdeig mm.
"Hamburger, rå",167,kjøttdeig mm.
"Hare, kjøtt, rå",129,kjøttdeig mm.
"Hjerte, rå",107,kjøttdeig mm.
"Hjort, stek, rå",98,kjøttdeig mm.
"Hval, kjøtt, rå",120,kjøttdeig mm.
"Kanin, kjøtt, rå",124,kjøttdeig mm.
"Karbonadedeig, rå",103,kjøttdeig mm.
"Karbonadedeig, stekt uten fett",193,kjøttdeig mm.
"Kjøttdeig, kylling, rå",145,kjøttdeig mm.
"Kjøttdeig, storfe, stekt uten fett",288,kjøttdeig mm.
"Kjøttdeig, storfe, med salt og vann, rå",185,kjøttdeig mm.
"Kjøttdeig, storfe, uten salt og vann, rå",196,kjøttdeig mm.
"Kjøttdeig, svin, rå",144,kjøttdeig mm.
"Kjøttdeig, svin, stekt uten fett",202,kjøttdeig mm.
"Kjøttfarse, rå",165,kjøttdeig mm.
"Lever, kylling, rå",113,kjøttdeig mm.
"Lever, lam, rå",128,kjøttdeig mm.
"Lever, rein, rå",128,kjøttdeig mm.
"Lever, storfe, rå",124,kjøttdeig mm.
"Lever, svin, rå",120,kjøttdeig mm.
"Medisterdeig, rå",206,kjøttdeig mm.
"Reinsdyr, bog, stek, rå",118,kjøttdeig mm.
"Rådyr, kjøtt, rå",95,kjøttdeig mm.
"Villsvin, kjøtt, rå",105,kjøttdeig mm.
"Wienersnitzel, rå",244,kjøttdeig mm.
Blodpudding,369,kjøtt
"Bogskinke, hermetisk",135,kjøtt
"Elg, stek, ovnsstekt",143,kjøtt
"Kjøttboller, hermetisk",138,kjøtt
"Kjøttkaker, stekt",199,kjøtt
"Lungemos, kjøpt",120,kjøtt
"Reinsdyr, kjøtt, røkt",114,kjøtt
"Reinsdyr, kjøtt, tørket, rå",318,kjøtt
"Reinsdyrkaker, hermetisk",151,kjøtt
"Reinsdyrskav, fryst, rå",145,kjøtt
"Chorizo, pølse",360,pølse
Falukorv,257,pølse
Fleskepølse,366,pølse
Fårepølse,339,pølse
Grillpølse,261,pølse
"Grillpølse, kalkun og kylling",193,pølse
"Grillpølse, med mindre fett",161,pølse
"Kjøttpølse, med mindre fett",191,pølse
"Kjøttpølse, røkt/urøkt",209,pølse
Knakkpølse,256,pølse
"Kylling- og kalkunpølse, med mindre fett",168,pølse
"Kylling- og kalkunpølse, med ost",201,pølse
"Medisterpølse, røkt/urøkt, kokt",265,pølse
"Ostegrill, ostewiener",245,pølse
Reinsdyrpølse,426,pølse
"Salsiccia, italiensk pølse",271,pølse
"Sosisser, små pølser",258,pølse
Wienerpølse,256,pølse
"Wienerpølse, med mindre fett",160,pølse
"Bayonneskinke, kokt",228,kjøtt/pålegg
"Kalkunfilet, naturell/røkt",88,kjøtt/pålegg
"Kalkunrull, krydderskinke",100,kjøtt/pålegg
Kalverull,144,kjøtt/pålegg
"Karbonader, okse, rå",206,kjøtt/pålegg
"Karbonader, okse, stekt",223,kjøtt/pålegg
"Kjøttpudding, stekt",194,kjøtt/pålegg
Kokt skinke,95,kjøtt/pålegg
"Kokt skinke, First Price",104,kjøtt/pålegg
"Kokt skinke, Gilde",100,kjøtt/pålegg
"Kokt skinke, Nordfjord",80,kjøtt/pålegg
Kyllingpostei,134,kjøtt/pålegg
"Kyllingpostei, hermetisk, Stabburet",130,kjøtt/pålegg
"Kyllingpostei, ovnsbakt, Prior",139,kjøtt/pålegg
"Leverpostei, hermetisk",257,kjøtt/pålegg
"Leverpostei, hermetisk, First Price",278,kjøtt/pålegg
"Leverpostei, hermetisk, Stabburet",237,kjøtt/pålegg
"Leverpostei, ovnsbakt",231,kjøtt/pålegg
"Leverpostei, ovnsbakt, Gilde",217,kjøtt/pålegg
"Leverpostei, ovnsbakt, Mills",246,kjøtt/pålegg
"Medisterkaker, stekt",321,kjøtt/pålegg
Morrpølse,417,kjøtt/pålegg
Okserull,166,kjøtt/pålegg
"Ribberull, skiver",193,kjøtt/pålegg
"Roastbiff, skiver",129,kjøtt/pålegg
Salami,429,kjøtt/pålegg
"Salami, dansk, First Price",507,kjøtt/pålegg
"Salami, dansk, Tulip",498,kjøtt/pålegg
"Salami, Gilde spesialsalami",298,kjøtt/pålegg
"Salami, Grilstad jubelsalami",414,kjøtt/pålegg
"Salami, mager, Gilde",167,kjøtt/pålegg
Servelat,198,kjøtt/pålegg
"Servelat, Folkets",197,kjøtt/pålegg
"Servelat, mager, Gilde",145,kjøtt/pålegg
"Servelat, Nordfjord",181,kjøtt/pålegg
"Servelat, X-tra",216,kjøtt/pålegg
"Skinkerull, Westfalerskinke",286,kjøtt/pålegg
Spekeskinke,203,kjøtt/pålegg
"Spekeskinke, Gilde",203,kjøtt/pålegg
"Spekeskinke, Strandaskinke, Grilstad",202,kjøtt/pålegg
Stabburpølse,475,kjøtt/pålegg
"Svinekam, røkt",209,kjøtt/pålegg
Sylte,304,kjøtt/pålegg
"Blåkveite, rå/kaldrøkt",155,Fisk
"Brisling, rå",208,Fisk
"Havål, rå",119,Fisk
"Kveite, hellefisk, oppdrett, rå",102,Fisk
"Kveite, hellefisk, rå",123,Fisk
"Kveite, hellefisk, skiver, røkt, rå",211,Fisk
"Kveite, hellefisk, uspesifisert, rå",113,Fisk
"Laks, oppdrett, rå",224,Fisk
"Laks, vill, rå",182,Fisk
"Makrell, mai-juni, rå",123,Fisk
"Makrell, vill (høst), rå",293,Fisk
"Pigghå, håbrann, rå",129,Fisk
"Røye, rå",128,Fisk
"Sild, fetsild, sommersild, rå",293,Fisk
"Sild, storsild, vintersild, rå",187,Fisk
"Ørret, oppdrett, rå",166,Fisk
"Ørret, sjøørret, rå",110,Fisk
"Ål, rå",362,Fisk
"Kveite, filet, melpanert, stekt i fett",198,Fisk
"Kveite, skiver, kokt",146,Fisk
"Laks, filet, gravet",179,Fisk
"Laks, filet, ovnsstekt",243,Fisk
"Laks, filet, stekt i panne",263,Fisk
"Laks, oppdrett, skiver, kokt",266,Fisk
"Laks, oppdrett, skiver, stekt i fett",314,Fisk
"Laks, røkt",225,Fisk
"Laks, vill, kokt",217,Fisk
"Makrell, juli-sept (fet), kokt",349,Fisk
"Makrell, juli-sept (fet), stekt i fett",393,Fisk
"Makrell, kaldrøkt",242,Fisk
"Makrell, mai-juni, kokt",146,Fisk
"Makrell, mai-juni, stekt i fett",198,Fisk
"Makrell, varmrøkt",295,Fisk
"Røye, melpanert, stekt i fett",204,Fisk
"Røye, stekt uten fett",151,Fisk
"Sild, fetsild/sommersild, kokt",349,Fisk
"Sild, fetsild/sommersild, melpanert, stekt i fett",402,Fisk
"Sild, kryddersild",154,Fisk
"Sild, røkt, bøkling",200,Fisk
"Sild, storsild/vintersild, kokt",223,Fisk
"Sild, storsild/vintersild, melpanert, stekt i fett",280,Fisk
"Spekesild, utvannet",210,Fisk
"Ørret, filet, røkt",142,Fisk
"Ørret, oppdrett, kokt",197,Fisk
"Ørret, oppdrett, skiver, melpanert, stekt i fett",247,Fisk
"Ørret, sjøørret, kokt",130,Fisk
"Ørret, sjøørret, melpanert, stekt i fett",182,Fisk
"Ål, røkt",351,Fisk
"Alaska pollock, rå",72,Fisk
"Blålange, rå",64,Fisk
"Breiflabb, rå",64,Fisk
"Brosme, rå",66,Fisk
"Gjedde, rå",83,Fisk
"Horngjel, rå",107,Fisk
"Hvitting, rå",79,Fisk
"Hyse, kolje, røkt, skiver, rå",81,Fisk
"Hyse, kolje, rå",68,Fisk
"Håbrann, rå",85,Fisk
"Lange, rå",72,Fisk
"Lomre, rå",67,Fisk
"Lyr, rå",66,Fisk
"Pangasius, rå",63,Fisk
"Piggvar, rå",85,Fisk
"Rødspette, rå",91,Fisk
"Sei, rå",69,Fisk
"Sik, rå",89,Fisk
"Sjøtunge, rå",64,Fisk
"Skate, rå",58,Fisk
"Steinbit, rå",97,Fisk
"Torsk, i skiver, rå",75,Fisk
"Torsk, lettsaltet i skiver, rå",75,Fisk
"Torsk, oppdrett, rå",84,Fisk
"Torsk, uspesifisert, rå",81,Fisk
"Torsk, vill, rå",81,Fisk
"Tunfisk, makrellstørje, rå",105,Fisk
"Uer, lettsaltet, rå",94,Fisk
"Uer, rå",94,Fisk
"Åbor, abbor, rå",85,Fisk
"Breiflabb, filet, kokt",83,Fisk
"Hyse, kolje, kokt",89,Fisk
"Hyse, kolje, røkt, skiver, kokt",106,Fisk
"Klippfisk, saltet og tørket",271,Fisk
"Lutefisk, kokt",71,Fisk
"Lutefisk, tørr vare, rå",50,Fisk
"Rødspette, filet, kavringpanert, rå",150,Fisk
"Rødspette, filet, kavringpanert, stekt i fett",220,Fisk
"Rødspette, filet, kokt",118,Fisk
"Rødspette, filet, melpanert, stekt i fett",160,Fisk
"Rødspette, fylt, forfritert, fryst",205,Fisk
"Rødspette, panert, forfritert, fylt, ovnsstekt uten fett",216,Fisk
"Rødspette, panert, forfritert, fylt, stekt i fett",262,Fisk
"Sei, filet, kavringpanert, rå",135,Fisk
"Sei, filet, kavringpanert, stekt i fett",174,Fisk
"Sei, filet, melpanert, stekt i fett",132,Fisk
"Sei, filet, melpanert, stekt i hard margarin",129,Fisk
"Sei, filet, melpanert, stekt i myk margarin",125,Fisk
"Sei, filet, melpanert, stekt i smør",130,Fisk
"Sei, filet, melpanert, stekt i soyaolje",137,Fisk
"Sei, kokt",89,Fisk
"Sei, panert, fryst, First Price",189,Fisk
"Sei, panert, fryst, kjøpt",182,Fisk
"Sei, pankopanert, fryst, Lerøy",175,Fisk
"Seibiff, melpanert, med forstekt løk, fryst, kjøpt",103,Fisk
"Seibiff, melpanert, med forstekt løk, kjøpt, stekt i fett",151,Fisk
"Steinbit, filet, melpanert, stekt i fett",159,Fisk
"Steinbit, kokt",126,Fisk
"Torsk, filet, kavringpanert, rå",143,Fisk
"Torsk, filet, kavringpanert, stekt i fett",202,Fisk
"Torsk, filet, kokt",106,Fisk
"Torsk, filet, melpanert, stekt i fett",146,Fisk
"Torsk, filet, ovnsstekt",113,Fisk
"Torsk, filet, stekt i panne",113,Fisk
"Torsk, forfritert, fylt, fryst",143,Fisk
"Torsk, lettsaltet, kokt",98,Fisk
"Torsk, panert, Findus Steketorsk",135,Fisk
"Torsk, panert, forfritert, fylt, ovnsstekt uten fett",151,Fisk
"Torsk, panert, forfritert, fylt, stekt i fett",201,Fisk
"Torsk, panert, forfritert, ovnsstekt uten fett",151,Fisk
"Torsk, panert, forfritert, stekt i fett",202,Fisk
"Torsk, skiver, kokt",94,Fisk
Tørrfisk,327,Fisk
"Uer, kokt",121,Fisk
"Uer, lettsaltet, skiver, kokt",121,Fisk
"Ansjos, hermetisk",216,Fisk
"Brisling, i olje, avrent, hermetisk",261,Fisk
"Brisling, i tomat, hermetisk",203,Fisk
"Fiskeboller, avrent, hermetisk",60,Fisk
"Fiskeboller, kjølevare",68,Fisk
"Fiskeburger, panert, med brød, ost, saus, kjøpt",242,Fisk
"Fiskefarse, mager fisk, rå",62,Fisk
"Fiskekaker, Coop",123,Fisk
"Fiskekaker, Fiskemannen",96,Fisk
"Fiskekaker, Godehav",110,Fisk
"Fiskekaker, kjøpt",110,Fisk
"Fiskekaker, Lofoten",110,Fisk
"Fiskekarbonader, Berggren",116,Fisk
"Fiskekarbonader, Fiskemannen",89,Fisk
"Fiskekarbonader, Godehav",115,Fisk
"Fiskekarbonader, kjøpt",107,Fisk
"Fiskekarbonader, laks",240,Fisk
"Fiskekarbonader, mager fisk",150,Fisk
"Fiskekarbonader, makrell",226,Fisk
"Fiskekarbonader, sei",149,Fisk
"Fiskekarbonader, sild",253,Fisk
"Fiskepaté, laks",231,Fisk
"Fiskepaté, mager fisk",146,Fisk
Fiskepudding,72,Fisk
"Fiskepudding, fløtepudding",102,Fisk
"Gaffelbiter, sild, hermetisk",240,Fisk
"Kaviar, av lodderogn",109,Fisk
"Kaviar, av torskerogn",413,Fisk
Kaviarmix,542,Fisk
"Kryddersild, innlagt, avrent",224,Fisk
"Laksepålegg, 70 % laks, i beger, Stabbur-Laks",213,Fisk
"Makrellfilet, i tomat, 50 % makrell, i beger",177,Fisk
"Makrellfilet, i tomat, 60 % makrell, hermetisk",241,Fisk
"Makrellfilet, i tomat, 70 % makrell, hermetisk",253,Fisk
"Rogn, torsk, presset, hermetisk",125,Fisk
"Rognleverpostei, Svolvær-/Lofotpostei",408,Fisk
"Seilaks, i olje, avrent",159,Fisk
"Sild, marinert, i majones/rømme",309,Fisk
"Sild, marinert, sennepssild",250,Fisk
"Surimi, LobNobs",91,Fisk
"Sild, sursild, innlagt, avrent",190,Fisk
"Tunfisk, i gele, hermetisk",70,Fisk
"Tunfisk, i olje, avrent, hermetisk",259,Fisk
"Tunfisk, i olje, ikke avrent, hermetisk",211,Fisk
"Tunfisk, i vann, avrent, hermetisk",105,Fisk
"Akkar, innbakt, forfritert, fryst",212,Fisk
"Akkar, tiarmet blekksprut, kokt",150,Fisk
"Fiskegrateng, Coop X-tra Fiskegrateng",117,Fisk
"Fiskegrateng, Enghav Fiskegrateng med makaroni",118,Fisk
"Fiskegrateng, Findus Familiens fiskegrateng",135,Fisk
"Fiskegrateng, First Price Fiskegrateng med makaroni",109,Fisk
"Fiskegrateng, kjøpt",119,Fisk
"Fiskegrateng, med egg og makaroni, ovnsstekt",160,Fisk
"Fiskegrateng, med egg, ovnsstekt, kjøpt",115,Fisk
"Fiskegrateng, med egg, ovnsstekt",156,Fisk
"Fiskegryte, med sei, løk og paprikasaus",98,Fisk
"Fiskegryte, med torsk og tomat",83,Fisk
"Fiskepinner, Findus",180,Fisk
"Fiskepinner, forfritert, stekt i fett",241,Fisk
"Fiskepinner, forfritert, stekt i hard margarin",194,Fisk
"Fiskepinner, forfritert, stekt i matolje",198,Fisk
"Fiskepinner, forfritert, stekt i myk margarin",195,Fisk
"Fiskepinner, forfritert, stekt i smør",240,Fisk
"Fiskesuppe, med laks, fryst",65,Fisk
"Fiskesuppe, med mager fisk",45,Fisk
"Fiskesuppe, med mager fisk, fryst",124,Fisk
"Fiskesuppe, med mager fisk, jevnet",48,Fisk
"Kabaret, med fiskepudding og reker",47,Fisk
"Reker, innbakt, forfritert, fryst",225,Fisk
"Reker, innbakt, forfritert, stekt i soyaolje",291,Fisk
"Rogn, torsk, hermetisk, stekt i fett",230,Fisk
"Sashimi, kveite",113,Fisk
"Sashimi, laks",224,Fisk
"Sashimi, tunfisk",105,Fisk
"Sildesalat, med potet",77,Fisk
"Sushi, maki, kveite",116,Fisk
"Sushi, maki, laks",134,Fisk
"Sushi, maki, tunfisk",115,Fisk
"Sushi, nigiri, kveite",114,Fisk
"Sushi, nigiri, laks",147,Fisk
"Sushi, nigiri, tunfisk",112,Fisk
"Akkar, innbakt, forfritert, stekt i soyaolje",278,Fisk
"Akkar, tiarmet blekksprut, rå",77,Fisk
"Blåskjell, avrent, hermetisk",103,Fisk
"Blåskjell, rå",54,Fisk
"Hummer, kokt",66,Fisk
"Kamskjell, kokt",102,Fisk
"Kamskjell, rå",81,Fisk
"Kongereke, rå",77,Fisk
"Krabbe, kokt",108,Fisk
"Krabbe, naturell, hermetisk",108,Fisk
"Krabbepinner, crabsticks, fryst",103,Fisk
"Kreps, kokt",54,Fisk
"Lever, torsk, rå",553,Fisk
"Reker, i lake, avrent",58,Fisk
"Reker, kokt",100,Fisk
"Rogn, torsk, kokt",126,Fisk
"Rogn, torsk, rå",116,Fisk
"Snegler, hermetisk",77,Fisk
"Strandsnegle, norsk",87,Fisk
"Østers, rå",59,Fisk
"Amaranth, tørr",367,Korn/nøtter
"Bokhvetemel, lyst",353,Korn/nøtter
Byggmel,302,Korn/nøtter
Finbakstmel,345,Korn/nøtter
"Grovbakstmel, 40 % sammalt",323,Korn/nøtter
Havrekli,361,Korn/nøtter
Havremel,373,Korn/nøtter
Hvetekim,330,Korn/nøtter
Hvetekli,294,Korn/nøtter
"Hvetemel, sammalt, fint/grovt",319,Korn/nøtter
"Hvetemel, siktet",352,Korn/nøtter
"Kakemiks, fin, glutenfri, pulver, Toro",348,Korn/nøtter
Kikertmel,375,Korn/nøtter
"Maismel, polenta",305,Korn/nøtter
Maisstivelse,355,Korn/nøtter
Mandelmel,603,Korn/nøtter
"Mel, glutenfritt, grovt, Semper",329,Korn/nøtter
"Mel, glutenfritt, grovt, Toro",344,Korn/nøtter
"Mel, glutenfritt, Jyttemel Original",340,Korn/nøtter
"Mel, glutenfritt, lyst, Toro",360,Korn/nøtter
"Mel, glutenfritt, Schär",328,Korn/nøtter
"Potetmel, potetstivelse",337,Korn/nøtter
"Rismel, risstivelse",360,Korn/nøtter
"Rugmel, sammalt",323,Korn/nøtter
"Rugmel, siktet",342,Korn/nøtter
Soyamel,449,Korn/nøtter
"Soyamel, mindre fett",370,Korn/nøtter
"Bokhvete, hele korn",335,Korn/nøtter
"Bulgurgryn, tørr",327,Korn/nøtter
Byggryn,327,Korn/nøtter
"Couscous, tørr",321,Korn/nøtter
"Havregryn, lettkokte/store",389,Korn/nøtter
"Hirse, hele korn",341,Korn/nøtter
"Hvete, helkorn",315,Korn/nøtter
"Nudler av ris, tørr",351,Korn/nøtter
"Nudler, glass, tørr",344,Korn/nøtter
"Nudler, med egg, tørr",359,Korn/nøtter
"Nudler, uten egg, tørr",343,Korn/nøtter
"Pasta, fersk med kjøtt og ost, tortellini, rå",282,Korn/nøtter
"Pasta, fersk med kjøtt, tortellini, rå",291,Korn/nøtter
"Pasta, fersk med ost, ravioli, rå",321,Korn/nøtter
"Pasta, fullkorn, tørr",362,Korn/nøtter
"Pasta, glutenfri, av mais og ris, tørr, Barilla",340,Korn/nøtter
"Pasta, glutenfri, av ris og grønnsaker, tørr, Orgran tricolore",339,Korn/nøtter
"Pasta, glutenfri, spagetti, tørr, Semper",347,Korn/nøtter
"Pasta, grønn, fersk, rå",229,Korn/nøtter
"Pasta, naturell, fersk, rå",244,Korn/nøtter
"Pasta, naturell, tørr",347,Korn/nøtter
"Ris, arborio, risottoris, tørr",378,Korn/nøtter
"Ris, grøtris, 1 times koketid, tørr",357,Korn/nøtter
"Ris, grøtris, 5-25 min koketid, tørr",354,Korn/nøtter
"Ris, hurtigris, 1 % salt, tørr",349,Korn/nøtter
"Ris, hurtigris, tørr",359,Korn/nøtter
"Ris, polert, Basmatiris, tørr",354,Korn/nøtter
"Ris, polert, Jasminris, tørr",354,Korn/nøtter
"Ris, polert, langkornet, tørr",343,Korn/nøtter
"Ris, polert, parboiled, langkornet, tørr",347,Korn/nøtter
"Ris, upolert, naturris, langkornet, tørr",364,Korn/nøtter
"Ris, villris, rå",353,Korn/nøtter
"Semulegryn, hvetegryn",339,Korn/nøtter
Sorghum,359,Korn/nøtter
"Bulgurgryn, kokt",131,Pasta/ris
"Couscous, kokt",172,Pasta/ris
"Nudler av hvete, uten egg, kokt",187,Pasta/ris
"Nudler av ris, kokt uten salt",167,Pasta/ris
"Nudler, kokt, med krydder",190,Pasta/ris
"Pasta, fullkorn, kokt med salt",135,Pasta/ris
"Pasta, grønn, fersk, kokt",141,Pasta/ris
"Pasta, naturell, fersk, kokt",150,Pasta/ris
"Pasta, naturell, kokt",116,Pasta/ris
"Ris, Basmati, kokt",124,Pasta/ris
"Ris, hurtigris, 1 % salt, kokt",87,Pasta/ris
"Ris, hurtigris, kokt",122,Pasta/ris
"Ris, Jasmin, kokt",124,Pasta/ris
"Ris, polert, langkornet, kokt",116,Pasta/ris
"Ris, polert, parboiled, langkornet, kokt",118,Pasta/ris
"Ris, upolert, naturris, langkornet, kokt",124,Pasta/ris
"Ris, villris, kokt",122,Pasta/ris
"Corn flakes, Kelloggs",381,Frokostblanding
"Corn flakes, søt, Frosties",383,Frokostblanding
"Frokostkorn, Jippi Frokosttall",362,Frokostblanding
"Frokostkorn, ristet hvete og ris, Spesial K",374,Frokostblanding
"Frokostkorn, sjokoladesmak",386,Frokostblanding
"Frokostkorn, sjokoladesmak, Coco Pops Crunchers",380,Frokostblanding
"Frokostkorn, sjokoladesmak, Nestlé Nesquick",369,Frokostblanding
"Havre, ristet, med frukt, olje, Crüsli",444,Frokostblanding
"Havreflak, Havreflakes",392,Frokostblanding
"Havreputer, Havrefras",363,Frokostblanding
"Havreputer, Jippi Havreputer",403,Frokostblanding
"Havreringer, Nestlé Cheerios",394,Frokostblanding
"Hvetebrikker, Weetabix",358,Frokostblanding
"Hveteflak ristet, med hvetekli, All-bran Regular",336,Frokostblanding
"Hvetekli, ristet, All-Bran plus",349,Frokostblanding
"Kornblanding,  4-korn",324,Frokostblanding
"Kornblanding, med bær, Go'dag Blåbærmüsli",328,Frokostblanding
"Kornblanding, med frukt og nøtter, Go'dag Energimüsli",401,Frokostblanding
"Kornblanding, med frukt, AXA Fruktmüsli",376,Frokostblanding
"Kornblanding, med frukt, Go'dag Fruktmüsli",355,Frokostblanding
"Kornblanding, müsli med frukt, nøtter, søtet",365,Frokostblanding
"Kornblanding, Vita Hjertego' Flerkornsblanding med Blåbær og Tranebær",360,Frokostblanding
"Puffet havre, Havrenøtter",403,Frokostblanding
"Puffet hvete, Hvetenøtter",378,Frokostblanding
"Puffet hvete, med sukker og honning, Honni korn",381,Frokostblanding
Puffet ris,378,Frokostblanding
"Brød, 1/3 sammalt mel, skummet melk, hjemmebakt",245,Brød/bakst
"Brød, 1/3 sammalt mel, vann, hjemmebakt",237,Brød/bakst
"Brød, 100 % sammalt mel, skummet melk, hjemmebakt",235,Brød/bakst
"Brød, 2/3 sammalt mel, skummet melk, hjemmebakt",243,Brød/bakst
"Brød, 2/3 sammalt mel, vann, hjemmebakt",228,Brød/bakst
"Brød, 25 % sammalt mel, skummet melk, hjemmebakt",247,Brød/bakst
"Brød, 25 % sammalt mel, vann, hjemmebakt",239,Brød/bakst
"Brød, 50 % sammalt mel, skummet melk, hjemmebakt",240,Brød/bakst
"Brød, 50 % sammalt mel, vann, hjemmebakt",233,Brød/bakst
"Brød, 75 % sammalt mel, skummet melk, hjemmebakt",242,Brød/bakst
"Brød, 75 % sammalt mel, vann, hjemmebakt",226,Brød/bakst
"Brød, ekstra grovt, 75 % sammalt mel, hjemmebakt",246,Brød/bakst
"Brød, glutenfritt, fint, med lettmelk, hjemmebakt",220,Brød/bakst
"Brød, glutenfritt, fint, med vann, hjemmebakt",207,Brød/bakst
"Brød, glutenfritt, grovt, med lettmelk, hjemmebakt",217,Brød/bakst
"Brød, glutenfritt, grovt, med vann, hjemmebakt",209,Brød/bakst
"Brød, glutenfritt, grovt, soyadrikke med kalsium, hjemmebakt",227,Brød/bakst
"Brød, glutenfritt, grovt, soyadrikke, hjemmebakt",212,Brød/bakst
"Brød, grovbakst, 40 % sammalt mel, hjemmebakt",241,Brød/bakst
"Chapatti, med sammalt mel",235,Brød/bakst
Focaccia,316,Brød/bakst
"Loff, skummet melk, hjemmebakt",276,Brød/bakst
"Loff, vann, hjemmebakt",262,Brød/bakst
"Pizzabunn, uten fyll",244,Brød/bakst
"Rundstykke, baguette, finbakstmel, hjemmebakt",265,Brød/bakst
"Rundstykke, fint, med skummet melk, hjemmebakt",283,Brød/bakst
"Rundstykke, fint, med vann, hjemmebakt",268,Brød/bakst
"Rundstykke, grovt, med skummet melk, hjemmebakt",271,Brød/bakst
"Rundstykke, grovt, med vann, hjemmebakt",256,Brød/bakst
"Rundstykke, mellomgrovt, med skummet melk, hjemmebakt",277,Brød/bakst
"Rundstykke, mellomgrovt, med vann, hjemmebakt",261,Brød/bakst
"Scones, grove, med melk",301,Brød/bakst
"Scones, grove, med yoghurt",256,Brød/bakst
"Baguette, fin, halvstekt, stekt",260,Brød/bakst
"Brød, ekstra grovt (75-100 %), karbohydratredusert, kjøpt, Fiber og frø",260,Brød/bakst
"Brød, ekstra grovt (75-100 %), kjøpt",221,Brød/bakst
"Brød, ekstra grovt (75-100 %), kjøpt, Grovbrød uten hele korn",226,Brød/bakst
"Brød, ekstra grovt (75-100 %), kjøpt, Grovt & Godt Grovbrød",212,Brød/bakst
"Brød, ekstra grovt (75-100 %), kjøpt, Grovt og godt havrebrød",230,Brød/bakst
"Brød, ekstra grovt (75-100 %), kjøpt, Havrebrød",219,Brød/bakst
"Brød, glutenfritt, Semper formbrød",247,Brød/bakst
"Brød, grovt (50-75 %), kjøpt",237,Brød/bakst
"Brød, grovt (50-75 %), kjøpt, First Price kneipp",246,Brød/bakst
"Brød, grovt (50-75 %), kjøpt, Istidbrød",232,Brød/bakst
"Brød, grovt (50-75 %), kjøpt, Josefinebrød",245,Brød/bakst
"Brød, grovt (50-75 %), kjøpt, Løvebrølbrød",246,Brød/bakst
"Brød, grovt (50-75 %), kjøpt, Norsk Fjellbrød",247,Brød/bakst
"Brød, grovt (50-75 %), kjøpt, Pågen kjernesunt brød",229,Brød/bakst
"Brød, grovt (50-75 %), kjøpt, Skibrød",235,Brød/bakst
"Brød, grovt (50-75 %), kjøpt, Speltbrød",269,Brød/bakst
"Brød, grovt (50-75 %), kjøpt, Superbrød",225,Brød/bakst
"Brød, halvgrovt (25-50 %), kjøpt",231,Brød/bakst
"Brød, halvgrovt (25-50 %), kjøpt, Jegerbrød",234,Brød/bakst
"Brød, halvgrovt (25-50 %), kjøpt, Kneippbrød",219,Brød/bakst
"Brød, halvgrovt (25-50 %), kjøpt, Odelsbrød",245,Brød/bakst
"Brød, halvgrovt (25-50 %), kjøpt, Yoghurtbrød",222,Brød/bakst
"Hamburgerbrød, fint, kjøpt",303,Brød/bakst
"Loff, fint brød (0-25 %), formstekt, kjøpt",256,Brød/bakst
"Loff, fint brød (0-25 %), halvstekt, stekt",259,Brød/bakst
"Loff, fint brød (0-25 %), kjøpt",272,Brød/bakst
"Loff, fint brød (0-25 %), spiral, kjøpt",264,Brød/bakst
"Pitabrød, fint, kjøpt",235,Brød/bakst
"Polarbrød, hvete",321,Brød/bakst
"Potetlompe, potetlefse, kjøpt",170,Brød/bakst
"Pumpernikkel, fullkornsbrød, ekstra grovt (75-100 %), kjøpt",204,Brød/bakst
"Pølsebrød, fint, kjøpt",304,Brød/bakst
"Rugbrød, fint (0-25 %), kjøpt",248,Brød/bakst
"Rugbrød, grovt (50-75 %), kjøpt",259,Brød/bakst
"Rundstykke, fint, halvstekt, kjøpt, stekt",273,Brød/bakst
"Rundstykke, fint, kjøpt",284,Brød/bakst
"Rundstykke, grovt, halvstekt, kjøpt, stekt",289,Brød/bakst
"Rundstykke, grovt, kjøpt",256,Brød/bakst
"Tortilla, burrito, hvetemel, Old El Paso",254,Brød/bakst
"Tortilla, maislefse",258,Brød/bakst
"Tortilla, wraps, hvetemel, Santa Maria",265,Brød/bakst
"Tortilla, wraps/burrito, hvetemel",260,Brød/bakst
"Flatbrød, havre, kjøpt",320,Knekkebrød/kjeks
"Flatbrød, hjemmebakt type, kjøpt",343,Knekkebrød/kjeks
"Flatbrød, kjøpt",340,Knekkebrød/kjeks
"Kjeks, fet, Cream cracker",417,Knekkebrød/kjeks
"Kjeks, grov, Kornmo",404,Knekkebrød/kjeks
"Kjeks, Kaptein",372,Knekkebrød/kjeks
"Kjeks, mager, usøtet, Frokost",387,Knekkebrød/kjeks
"Kjeks, salt, fet, Ritz, Seltiner",466,Knekkebrød/kjeks
"Kjeks, Start",390,Knekkebrød/kjeks
"Klibrød, med hvetekli",312,Knekkebrød/kjeks
"Knekkebrød, glutenfritt",380,Knekkebrød/kjeks
"Knekkebrød, glutenfritt, av pulver, Toro",497,Knekkebrød/kjeks
"Knekkebrød, havre",364,Knekkebrød/kjeks
"Knekkebrød, havre, Sigdal helsprøtt",457,Knekkebrød/kjeks
"Knekkebrød, lyst",403,Knekkebrød/kjeks
"Knekkebrød, med ekstra fiber",349,Knekkebrød/kjeks
"Knekkebrød, Mesterbakeren Original",475,Knekkebrød/kjeks
"Knekkebrød, rug, grovt",338,Knekkebrød/kjeks
"Knekkebrød, rug, Husman",319,Knekkebrød/kjeks
"Knekkebrød, rug, Husman Sport",319,Knekkebrød/kjeks
"Knekkebrød, rug, Ryvita",336,Knekkebrød/kjeks
"Knekkebrød, rug, tynt, Rugsprø, Finncrisp",345,Knekkebrød/kjeks
"Knekkebrød, Synnøve Grovkrisp sesamfrø og linfrø",441,Knekkebrød/kjeks
"Riskaker, lettsaltet",380,Knekkebrød/kjeks
"Riskaker, usaltet",380,Knekkebrød/kjeks
"Skonrokk, grov",394,Knekkebrød/kjeks
Tacoskjell,462,Knekkebrød/kjeks
"Tacoskjell, Old El Paso",477,Knekkebrød/kjeks
"Tacoskjell, tubs, Santa Maria",448,Knekkebrød/kjeks
Biscotti,449,Kaker/kjeks
Brune pinner,474,Kaker/kjeks
"Havremakroner, kjøpt",425,Kaker/kjeks
Hvite kakemenn,371,Kaker/kjeks
"Kavring, søt, sukkerkavring",459,Kaker/kjeks
"Kjeks, søt,  sjokoladebiter, cookies, store",420,Kaker/kjeks
"Kjeks, søt, Ballerina",465,Kaker/kjeks
"Kjeks, søt, barnekjeks",440,Kaker/kjeks
"Kjeks, søt, barnekjeks med sjokolade",482,Kaker/kjeks
"Kjeks, søt, fylt med syltetøy el. frukt",386,Kaker/kjeks
"Kjeks, søt, Gjende",463,Kaker/kjeks
"Kjeks, søt, grov, Digestive",470,Kaker/kjeks
"Kjeks, søt, havre og sjokolade",489,Kaker/kjeks
"Kjeks, søt, havre, Bixit",458,Kaker/kjeks
"Kjeks, søt, havre, SIBAS",455,Kaker/kjeks
"Kjeks, søt, havreflarn",485,Kaker/kjeks
"Kjeks, søt, kremfyll",480,Kaker/kjeks
"Kjeks, søt, Mariekjeks",446,Kaker/kjeks
"Kjeks, søt, sjokoladebiter, nøtter, cookies, små",491,Kaker/kjeks
"Kjeks, søt, vaffel, fylt",512,Kaker/kjeks
Kokosmakroner,458,Kaker/kjeks
Kransekake,480,Kaker/kjeks
Krumkaker,410,Kaker/kjeks
Marengs,388,Kaker/kjeks
Pepperkaker,459,Kaker/kjeks
Peppernøtter,504,Kaker/kjeks
Serinakaker,457,Kaker/kjeks
"Berlinerbolle, kjøpt",439,Kaker/kjeks
"Bolle, glutenfri, med lettmelk, hjemmebakt",281,Kaker/kjeks
"Bolle, med helmelk, hjemmebakt",342,Kaker/kjeks
"Bolle, med lettmelk, hjemmebakt",329,Kaker/kjeks
"Bolle, med sjokoladebiter",378,Kaker/kjeks
"Bolle, med skummet melk, hjemmebakt",324,Kaker/kjeks
"Bolle, uten rosiner, kjøpt",361,Kaker/kjeks
"Croissant, uten fyll, kjøpt",404,Kaker/kjeks
Hvetekake,284,Kaker/kjeks
Julekake,341,Kaker/kjeks
"Kanelbolle, skillingsbolle, hjemmebakt",351,Kaker/kjeks
"Kanelbolle, skillingsbolle, med sukkerstrø, kjøpt",292,Kaker/kjeks
"Kanelbolle, skillingsbolle, med vaniljekrem, melisglasur, kjøpt",261,Kaker/kjeks
"Kringle, gjærdeig, med tørket frukt",353,Kaker/kjeks
"Lefse, ferdig smurt, Vestlandslefsa",347,Kaker/kjeks
Lussekatter,347,Kaker/kjeks
"Rosinbolle, kjøpt",357,Kaker/kjeks
"Skolebrød, med melisglasur, eggekrem, kokos, kjøpt",326,Kaker/kjeks
Sveler,247,Kaker/kjeks
"Tykklefse, påsmurt, kjøpt",410,Kaker/kjeks
"Tykklefse, uten fyll",346,Kaker/kjeks
"Vafler, av pulver, Toro",309,Kaker/kjeks
"Vafler, glutenfrie, av pulver, Toro",282,Kaker/kjeks
"Vafler, grove",226,Kaker/kjeks
"Vafler, med egg og helmelk",225,Kaker/kjeks
"Vafler, med egg og lettmelk, uten fett",197,Kaker/kjeks
"Vafler, med egg og skummet melk",211,Kaker/kjeks
"Vafler, med egg, lettmelk",218,Kaker/kjeks
"Vafler, med fløte/rømme, uten egg",274,Kaker/kjeks
Vørterkake,278,Kaker/kjeks
"Wienerbrød, med eggekrem",401,Kaker/kjeks
"Wienerbrød, med syltetøy, kjøpt",346,Kaker/kjeks
"Wienerkringle, med mandelfyll",496,Kaker/kjeks
"Bløtkake, med krem, syltetøy",306,Kaker/kjeks
"Brownies, med sjokoladeglasur, kjøpt",421,Kaker/kjeks
"Cupcakes, med glasur, av pulver, smør",375,Kaker/kjeks
Daimkake,379,Kaker/kjeks
Delfiakake,530,Kaker/kjeks
"Donuts, med sjokoladeglasur, kjøpt",497,Kaker/kjeks
Eplekake,287,Kaker/kjeks
Eplepai,223,Kaker/kjeks
"Formkake, fet, dansk sandkake",413,Kaker/kjeks
"Formkake, marmor",368,Kaker/kjeks
"Formkake, med epler",265,Kaker/kjeks
"Formkake, med glasur, kjøpt",395,Kaker/kjeks
"Formkake, med mindre fett",326,Kaker/kjeks
"Formkake, uten glasur, kjøpt",406,Kaker/kjeks
"Fyrstekake, med epler",321,Kaker/kjeks
"Fyrstekake, med mandler",430,Kaker/kjeks
Gulrotkake,290,Kaker/kjeks
"Gulrotkake, allergiprodukt, kjøpt, Hildes gulrotkake",313,Kaker/kjeks
"Gulrotkake, med ostekrem, kjøpt",331,Kaker/kjeks
"Kakebunn, glutenfri, av pulver, Toro",334,Kaker/kjeks
Kokosbollekake,372,Kaker/kjeks
"Kvæfjordkake, Verdens beste",330,Kaker/kjeks
Marengsbunn,356,Kaker/kjeks
"Marsipankake, med syltetøy og krem",375,Kaker/kjeks
"Mazarin, kjøpt",436,Kaker/kjeks
Muffins,411,Kaker/kjeks
"Muffins, med banan",344,Kaker/kjeks
"Muffins, med banan, melisglasur",344,Kaker/kjeks
"Muffins, med blåbær",331,Kaker/kjeks
"Muffins, med blåbær, kjøpt",379,Kaker/kjeks
"Muffins, med blåbær, melisglasur",333,Kaker/kjeks
"Muffins, med kakao",410,Kaker/kjeks
"Muffins, med kakao, melisglasur",401,Kaker/kjeks
"Muffins, med melisglasur",402,Kaker/kjeks
"Muffins, med sitron",396,Kaker/kjeks
"Muffins, med sitron, melisglasur",389,Kaker/kjeks
"Muffins, med sjokoladebiter",423,Kaker/kjeks
"Muffins, med sjokoladebiter, kjøpt",390,Kaker/kjeks
"Muffins, med sjokoladebiter, melisglasur",413,Kaker/kjeks
Napoleonskake,306,Kaker/kjeks
Nøttebunn,407,Kaker/kjeks
"Nøttekake, myk",419,Kaker/kjeks
"Oreokake, av pulver, fløte og smør",335,Kaker/kjeks
"Ostekake, med kjeksbunn",337,Kaker/kjeks
"Pavlova, med kremfløte og bær",278,Kaker/kjeks
"Rullekake, med smørkrem av margarin",398,Kaker/kjeks
"Rullekake, med smørkrem, kjøpt",382,Kaker/kjeks
"Rullekake, med syltetøy",246,Kaker/kjeks
Sarah Bernhard-kake,467,Kaker/kjeks
Sirupskake,266,Kaker/kjeks
Sitronterte,371,Kaker/kjeks
"Sjokoladekake, allergiprodukt, kjøpt, Hildes sjokoladekake",326,Kaker/kjeks
"Sjokoladekake, med glasur",354,Kaker/kjeks
"Sjokoladekake, med glasur, kjøpt",419,Kaker/kjeks
"Sjokoladekake, uten glasur",361,Kaker/kjeks
Smultringer,473,Kaker/kjeks
Snickerskake,427,Kaker/kjeks
Sukkerbrød,293,Kaker/kjeks
"Sukkerbrød, med eggekrem, bær, gele",134,Kaker/kjeks
Suksessterte,430,Kaker/kjeks
"Terte, uten fyll",527,Kaker/kjeks
"Vannbakkels, uten fyll",404,Kaker/kjeks
Cashewnøtter,592,Nøtter/frø
"Cashewnøtter, saltet",603,Nøtter/frø
"Cashewnøtter, saltet, Den lille nøttefabrikken",601,Nøtter/frø
"Cashewnøtter, saltet, Eldorado",582,Nøtter/frø
"Cashewnøtter, saltet, Rema 1000",628,Nøtter/frø
"Chiafrø, tørket",443,Nøtter/frø
Hasselnøtter,645,Nøtter/frø
"Linfrø, knuste",513,Nøtter/frø
Macadamianøtter,753,Nøtter/frø
Mandler,577,Nøtter/frø
"Mandler, skåldet",600,Nøtter/frø
Paranøtter,680,Nøtter/frø
Peanøtter,594,Nøtter/frø
"Peanøtter, saltet",623,Nøtter/frø
"Peanøtter, saltet, Eldorado",597,Nøtter/frø
"Peanøtter, saltet, Maarud",615,Nøtter/frø
"Peanøtter, saltet, Polly",656,Nøtter/frø
Peanøttsmør,620,Nøtter/frø
Pekannøtter,721,Nøtter/frø
Pinjekjerner,697,Nøtter/frø
"Pistasjnøtter, saltet",543,Nøtter/frø
"Quinoa, kokt",144,Nøtter/frø
"Quinoa, tørr",358,Nøtter/frø
"Sesamfrø, med skall",586,Nøtter/frø
"Sesamfrø, uten skall",672,Nøtter/frø
Solsikkefrø,630,Nøtter/frø
"Squashfrø, gresskarfrø",624,Nøtter/frø
Valnøtter,672,Nøtter/frø
"Pommes frites, fryst",153,Grønnsaker
"Pommes frites, gatekjøkken",330,Grønnsaker
"Potet, hermetisk, avrent",57,Grønnsaker
"Potet, høstpotet, rå",72,Grønnsaker
"Potet, lagringspotet, kokt med skall",80,Grønnsaker
"Potet, lagringspotet, kokt uten skall, saltet vann",72,Grønnsaker
"Potet, lagringspotet, rå",80,Grønnsaker
"Potet, tidligpotet, med skall, Kypros, rå",60,Grønnsaker
"Potet, tidligpotet, rå",54,Grønnsaker
"Potetmos, av pulver, med melk",66,Grønnsaker
"Potetsalat, med ekte majones",325,Grønnsaker
"Potetsalat, med lettmajones (40 % fett)",195,Grønnsaker
"Potetsalat, med lettrømme",107,Grønnsaker
"Potetsalat, med seterrømme",142,Grønnsaker
"Agurk, norsk, rå",10,Grønnsaker
"Alfalfaspirer, rå",27,Grønnsaker
"Artiskokk, rå",28,Grønnsaker
"Asparges, rå",22,Grønnsaker
"Aubergine, rå",20,Grønnsaker
"Babygulrot, importert, rå",28,Grønnsaker
"Bladsalat, norsk, rå",10,Grønnsaker
"Blomkål, norsk, fryst",22,Grønnsaker
"Blomkål, norsk, rå",23,Grønnsaker
"Brennesle, rå",43,Grønnsaker
"Brokkoli, fryst",27,Grønnsaker
"Brokkoli, importert, rå",30,Grønnsaker
"Brokkoli, norsk, rå",28,Grønnsaker
"Brokkoli, uspesifisert, rå",29,Grønnsaker
"Brønnkarse, rå",11,Grønnsaker
"Bønnespirer, mungbønnespirer, rå",41,Grønnsaker
"Chayote, rå",19,Grønnsaker
"Cherrytomat, importert, rå",17,Grønnsaker
"Chili, grønn, rå",33,Grønnsaker
"Chili, rød, rå",35,Grønnsaker
"Endivesalat, rå",13,Grønnsaker
"Feltsalat, rå",17,Grønnsaker
"Fennikel, rå",19,Grønnsaker
"Gresskar, rå",13,Grønnsaker
"Gressløk, rå",26,Grønnsaker
"Grønnkål, rå",36,Grønnsaker
"Gulrot, babygulrot, fryst",26,Grønnsaker
"Gulrot, importert, rå",29,Grønnsaker
"Gulrot, knaskegulrot, norsk, rå",25,Grønnsaker
"Gulrot, norsk, rå",36,Grønnsaker
"Gulrot, terninger, fryst",27,Grønnsaker
"Gulrot, uspesifisert, rå",36,Grønnsaker
"Hodekål, rå",32,Grønnsaker
"Hvitløk, rå",106,Grønnsaker
"Ingefærrot, rå",50,Grønnsaker
"Isbergsalat, issalat, norsk, rå",12,Grønnsaker
"Jalapeño, rå",29,Grønnsaker
"Jordskokk, rå",65,Grønnsaker
"Kantarell, rå",17,Grønnsaker
"Kassava, rå",159,Grønnsaker
"Kinakål, norsk, rå",15,Grønnsaker
"Knutekål, rå",23,Grønnsaker
"Kålrot, kålrabi, norsk, rå",35,Grønnsaker
"Lotusrot, rå",65,Grønnsaker
"Løk, gul/rød, norsk, rå",32,Grønnsaker
"Mais, fryst",115,Grønnsaker
"Mais, norsk, rå",85,Grønnsaker
"Mangold, sølvbete, rå",21,Grønnsaker
"Neper, norsk, rå",29,Grønnsaker
"Okra, rå",28,Grønnsaker
"Pak-choi, bok choy, kål, rå",18,Grønnsaker
"Paprika, grønn, rå",21,Grønnsaker
"Paprika, gul/oransje, rå",26,Grønnsaker
"Paprika, rød, rå",26,Grønnsaker
"Pastinakk, rå",65,Grønnsaker
"Pepperrot, rå",96,Grønnsaker
"Persillerot, norsk, rå",46,Grønnsaker
"Portobellosopp, rå",24,Grønnsaker
"Purreløk, norsk, rå",28,Grønnsaker
"Rabarbra, rå",20,Grønnsaker
"Radicchio rosso, salat, rå",18,Grønnsaker
"Rapidsalat, norsk, rå",11,Grønnsaker
"Reddik, norsk, rå",16,Grønnsaker
"Romanosalat, rå",16,Grønnsaker
"Rosenkål, fryst",43,Grønnsaker
"Rosenkål, norsk, rå",52,Grønnsaker
"Ruccolasalat, rå",28,Grønnsaker
"Rødbete, norsk, rå",49,Grønnsaker
"Rødkål, rå",32,Grønnsaker
"Sellerirot, norsk, rå",27,Grønnsaker
"Shiitakesopp, rå",26,Grønnsaker
"Sikorisalat, rå",15,Grønnsaker
"Sjalottløk, rå",24,Grønnsaker
"Sjampinjong, norsk,  rå",22,Grønnsaker
"Skorsonnerot, svartrot, rå",73,Grønnsaker
"Spinat, fryst, rå",21,Grønnsaker
"Spinat, rå",22,Grønnsaker
"Spisskål, rå",18,Grønnsaker
"Squash, zucchini, rå",17,Grønnsaker
"Stangselleri, norsk, rå",15,Grønnsaker
"Steinsopp, rå",30,Grønnsaker
"Søtpotet, rå",80,Grønnsaker
"Tomat, importert, rå",12,Grønnsaker
"Tomat, norsk, rå",18,Grønnsaker
"Tomat, uspesifisert, rå",18,Grønnsaker
"Traktkantarell, rå",24,Grønnsaker
"Vannkastanje, rå",52,Grønnsaker
"Vårløk, rå",23,Grønnsaker
"Wasabirot, rå",103,Grønnsaker
"Yams, rå",111,Grønnsaker
"Østerssopp, rå",26,Grønnsaker
"Agurker, syltede",37,Hermetisk/fryst
"Asparges, hermetisk, avrent",24,Hermetisk/fryst
"Babymais, minimais, hermetisk",26,Hermetisk/fryst
"Bambusskudd, hermetisk",14,Hermetisk/fryst
"Blomkål, bønner, erter, gulrot, fryst",42,Hermetisk/fryst
"Blomkål, erter, gulrot, fryst",42,Hermetisk/fryst
"Erter, gulrot, fryst",54,Hermetisk/fryst
"Erter, gulrot, mais, fryst",64,Hermetisk/fryst
"Ingefær, syltet",30,Hermetisk/fryst
"Kapers, hermetisk",25,Hermetisk/fryst
"Kastanjer, ristede",184,Hermetisk/fryst
"Ketchup, tomatketchup",107,Hermetisk/fryst
"Mais, hermetisk",85,Hermetisk/fryst
"Nori, tørket tang",255,Hermetisk/fryst
"Oliven, grønne, med paprikafyll",130,Hermetisk/fryst
"Oliven, grønne, pickles",151,Hermetisk/fryst
"Oliven, sorte, i olje, hermetisk",348,Hermetisk/fryst
"Rødbeter, syltede",59,Hermetisk/fryst
"Sjampinjong, hermetisk, avrent",23,Hermetisk/fryst
"Surkål, kjøpt",29,Hermetisk/fryst
Tacosaus,27,Hermetisk/fryst
"Tacosaus, medium, Old El Paso",27,Hermetisk/fryst
"Tacosaus, medium, Santa Maria",28,Hermetisk/fryst
"Tomat, hakket, tetrapak",24,Hermetisk/fryst
"Tomat, hermetisk",20,Hermetisk/fryst
"Tomater, soltørkede, innlagte i olje, avrent",193,Hermetisk/fryst
"Tomater, soltørkede, tørr",280,Hermetisk/fryst
Tomatjuice,18,Hermetisk/fryst
Tomatpuré,108,Hermetisk/fryst
"Tomatpuré, hermetisk",84,Hermetisk/fryst
"Vannkastanjer, hermetiske",38,Hermetisk/fryst
"Wokblanding, klassisk",34,Hermetisk/fryst
"Adzukibønner, tørr",310,Bønner/belgfrukt
"Aspargesbønner, fryst",28,Bønner/belgfrukt
"Aspargesbønner, rå",27,Bønner/belgfrukt
"Bondebønner, hestebønner, tørr",316,Bønner/belgfrukt
"Borlottibønner, tørr",324,Bønner/belgfrukt
"Brune bønner, kokt",125,Bønner/belgfrukt
"Brune bønner, tørre",313,Bønner/belgfrukt
"Edamamebønner, soyabønner, fryst",130,Bønner/belgfrukt
"Erter, fryst",68,Bønner/belgfrukt
"Erter, grønne, hermetisk, avrent",64,Bønner/belgfrukt
"Erter, tørre",334,Bønner/belgfrukt
"Hvite bønner, store, hermetiske",98,Bønner/belgfrukt
"Hvite bønner, tørre",312,Bønner/belgfrukt
"Kidneybønner, røde, hermetiske",106,Bønner/belgfrukt
"Kikerter, hermetiske",124,Bønner/belgfrukt
"Kikerter, tørre",341,Bønner/belgfrukt
"Limabønner, smørbønner, tørr",307,Bønner/belgfrukt
"Linser, grønne og brune, kokte med salt",120,Bønner/belgfrukt
"Linser, grønne og brune, tørre",307,Bønner/belgfrukt
"Linser, grønne, hermetiske",92,Bønner/belgfrukt
"Linser, røde, hermetiske",90,Bønner/belgfrukt
"Linser, røde/rosa, tørr",346,Bønner/belgfrukt
"Meterbønner, rå",45,Bønner/belgfrukt
"Mungbønner, tørre",295,Bønner/belgfrukt
"Røde bønner, tørre",294,Bønner/belgfrukt
"Soyabønner, tørre",383,Bønner/belgfrukt
"Sukkererter, norsk, rå",42,Bønner/belgfrukt
"Svarte bønner, hermetiske",106,Bønner/belgfrukt
"Svartøyebønner, tørr",324,Bønner/belgfrukt
"Tomatbønner, hvite bønner, i tomatsaus, hermetisk",93,Bønner/belgfrukt
"Ananas, rå",51,Frukt
"Appelsin, rå",37,Frukt
"Aprikos, rå",52,Frukt
"Aronia, svartsurbær, rå",50,Frukt
"Avocado, rå",191,Frukt
"Banan, rå",83,Frukt
"Bjørnebær, rå",40,Frukt
"Blokkebær, mikkelsbær, rå",63,Frukt
"Blåbær, rå",51,Frukt
"Bringebær, rå",29,Frukt
"Carambola, stjernefrukt, rå",36,Frukt
"Cherimoya, rå",70,Frukt
"Drue, blå, rå",53,Frukt
"Drue, grønn, rå",70,Frukt
"Drue, uspesifisert, rå",62,Frukt
"Eple, Granny Smith, Golden Delicious, rå",43,Frukt
"Eple, importert, rå",49,Frukt
"Eple, Ingrid Marie, rå",49,Frukt
"Eple, norsk, uspesifisert, rå",47,Frukt
"Eple, Rød aroma, rå",50,Frukt
"Eple, uspesifisert, rå",49,Frukt
"Fersken, rå",42,Frukt
"Galiamelon, rå",26,Frukt
"Granateple, rå",80,Frukt
"Grapefrukt, rå",34,Frukt
"Guava, rå",39,Frukt
"Honningmelon, rå",37,Frukt
"Hyllebær, rå",47,Frukt
"Jackfrukt, rå",97,Frukt
"Jordbær, rå",34,Frukt
"Kaktusfiken, rå",49,Frukt
"Kantaloupemelon, rå",38,Frukt
"Kirsebær, rå",41,Frukt
"Kiwi, rå",50,Frukt
"Klementin, rå",45,Frukt
"Kokebanan, melbanan, plantain, rå",131,Frukt
"Kokosnøtt, rå",358,Frukt
"Krekling, krøkebær, rå",38,Frukt
"Kumquat, rå",66,Frukt
"Lime, rå",17,Frukt
"Litchi, rå",71,Frukt
"Mango, rå",49,Frukt
"Molter, rå",46,Frukt
"Moreller, rå",52,Frukt
"Nashi, asiatisk pære, rå",39,Frukt
"Nektarin, rå",48,Frukt
"Nype, rå",53,Frukt
"Papaya, rå",47,Frukt
"Paradisepler, rå",31,Frukt
"Pasjonsfrukt, rå",44,Frukt
"Physalis, rå",64,Frukt
"Plomme, rå",44,Frukt
"Pomelo, rå",33,Frukt
"Pære, importert, rå",44,Frukt
"Pære, norsk, rå",43,Frukt
"Pære, uspesifisert, rå",44,Frukt
"Rambutan, rå",75,Frukt
"Rips, rå",53,Frukt
"Rognebær, rå",40,Frukt
"Sharon, kakifrukt, rå",65,Frukt
"Sitron, rå",23,Frukt
"Solbær, rå",55,Frukt
"Stikkelsbær, rå",37,Frukt
"Tamarind, rå",256,Frukt
"Tindved, havtorn, rå",85,Frukt
"Tranebær, rå",28,Frukt
"Tyttebær, rå",44,Frukt
"Vannmelon, rå",35,Frukt
Anisfrø,384,Krydder/urter
"Basilikum, rå",21,Krydder/urter
"Basilikum, tørket",244,Krydder/urter
Chilipulver,311,Krydder/urter
"Dill, rå",48,Krydder/urter
"Estragon, tørket",342,Krydder/urter
"Gurkemeie, malt",291,Krydder/urter
Hvitløkspulver,346,Krydder/urter
"Ingefær, malt",342,Krydder/urter
"Kanel, malt",246,Krydder/urter
"Kardemomme, malt",321,Krydder/urter
"Karri, malt",301,Krydder/urter
"Karve, kummin, hel",334,Krydder/urter
"Koriander, rå",24,Krydder/urter
"Koriander, tørket",317,Krydder/urter
Korianderfrø,345,Krydder/urter
"Laurbærblad, tørket",353,Krydder/urter
"Merian, tørket",276,Krydder/urter
"Muskat, malt",506,Krydder/urter
"Nellik, malt",335,Krydder/urter
"Oregano, tørket",246,Krydder/urter
Paprikapulver,315,Krydder/urter
"Pepper, cayenne, rød",375,Krydder/urter
"Pepper, hvit",283,Krydder/urter
"Pepper, sort",277,Krydder/urter
"Persille, norsk, rå",32,Krydder/urter
"Persille, tørket",305,Krydder/urter
"Rosmarin, rå",120,Krydder/urter
"Rosmarin, tørket",427,Krydder/urter
"Safran, tørket",352,Krydder/urter
Sennepsfrø,518,Krydder/urter
"Timian, rå",107,Krydder/urter
"Timian, tørket",285,Krydder/urter
Valmuefrø,497,Krydder/urter
Honning,317,søte saker
Melis,400,søte saker
"Melkepålegg, med sukker, Hapå",308,søte saker
"Nøttepålegg, med mindre sukker, Nugatti",489,søte saker
"Nøttepålegg, Nugatti",525,søte saker
Sirup,297,søte saker
"Sjokoladepålegg, med mindre sukker, Sjokade",390,søte saker
"Sjokoladepålegg, Sjokade",414,søte saker
"Sukker, brunt",376,søte saker
"Sukker, hvitt",400,søte saker
Vaniljesukker,364,søte saker
"Geléfrukt, Seigmenn",292,søte saker
Karamell,376,søte saker
"Karamell, med sjokoladetrekk",455,søte saker
Kokosbolle,376,søte saker
"Lakris, søt",330,søte saker
Lakriskonfekt,387,søte saker
"Marsipan, 30 % mandler",444,søte saker
"Marsipan, 50 % mandler",508,søte saker
"Marsipanbrød, med sjokoladetrekk",514,søte saker
Pastiller,257,søte saker
"Pastiller, uten sukker",48,søte saker
"Sjokolade, fylt, konfekt",487,søte saker
"Sjokolade, hvit",544,søte saker
"Sjokolade, kokesjokolade, lys",527,søte saker
"Sjokolade, kokesjokolade, mørk",511,søte saker
"Sjokolade, Mars",423,søte saker
"Sjokolade, med gelé og marsipan, Troika",445,søte saker
"Sjokolade, med kjeks",528,søte saker
"Sjokolade, med kokosfyll, Bounty",478,søte saker
"Sjokolade, med mandelkrokan, Daim",540,søte saker
"Sjokolade, med mintfyll, After Eight",404,søte saker
"Sjokolade, med nøtter",470,søte saker
"Sjokolade, melkesjokolade",541,søte saker
"Sjokolade, melkesjokolade, porøs",521,søte saker
"Sjokolade, Milky Way",465,søte saker
"Sjokolade, mørk, 70 % kakao",584,søte saker
"Sjokolade, småsjokolader",458,søte saker
"Sjokolade, Snickers",498,søte saker
"Skumgodt, Ahlgrens biler",363,søte saker
"Skumgodt, marshmallows",263,søte saker
"Smågodt, blandet, uten sjokolade",369,søte saker
"Smågodt, salte",286,søte saker
"Sukkertøy, drops",324,søte saker
"Tyggegummi, med sukker",326,søte saker
,388,smør/oljer
Bremykt,742,smør/oljer
"Bremykt, flytende",732,smør/oljer
Ghee,879,smør/oljer
"Ghee, vegetabilsk",898,smør/oljer
"Margarin, bordmargarin, 60 % fett",544,smør/oljer
"Margarin, bordmargarin, 80 % fett",724,smør/oljer
"Margarin, hard",722,smør/oljer
"Margarin, Melange",722,smør/oljer
"Margarin, Melange, flytende",723,smør/oljer
"Margarin, Melange, uten salt og melk, folie",720,smør/oljer
"Margarin, myk",632,smør/oljer
"Margarin, Soft ekstra, beger",634,smør/oljer
"Margarin, Soft Flora lett",364,smør/oljer
"Margarin, Soft Flora, folie",724,smør/oljer
"Margarin, Soft Flora, original",632,smør/oljer
"Margarin, Soft Spesial, redusert saltinnhold",720,smør/oljer
"Margarin, stekemargarin",769,smør/oljer
"Margarin, Vita Hjertego´",632,smør/oljer
"Margarin, Vita Hjertego´ lett",364,smør/oljer
"Margarin, Vita Hjertego´, flytende",767,smør/oljer
"Margarin, Vita Pro aktiv",317,smør/oljer
"Matfett, Flott",900,smør/oljer
"Matlagingsfett, uspesifisert",771,smør/oljer
Smør,742,smør/oljer
"Smør, meierismør, ekstra salt, Kviteseidsmør",733,smør/oljer
"Smør, usaltet",751,smør/oljer
Frityrolje,891,smør/oljer
Hvetekimolje,900,smør/oljer
Kokosfett,900,smør/oljer
Kokosnøttolje,899,smør/oljer
Linfrøolje,900,smør/oljer
Maisolje,892,smør/oljer
Olivenolje,892,smør/oljer
"Olivenolje, extra virgin, jomfruolje",889,smør/oljer
Palmeolje,900,smør/oljer
Peanøttolje,892,smør/oljer
"Raps- og solsikkeolje, Melange",900,smør/oljer
Rapsolje,892,smør/oljer
"Rapsolje, kaldpresset, Odelia",900,smør/oljer
Sesamolje,898,smør/oljer
Solsikkeolje,883,smør/oljer
Soyaolje,900,smør/oljer
Valnøttolje,899,smør/oljer
Vita Hjertego´ olje,900,smør/oljer
"Crabsticksalat, majonessalat, 25 % fett",250,dressing/majones
"Dressing, majonestype, 15 % fett",185,dressing/majones
"Dressing, majonestype, 30 % fett",295,dressing/majones
"Dressing, majonestype, 40 % fett",406,dressing/majones
"Dressing, majonestype, 55 % fett",518,dressing/majones
"Eggesalat, majonessalat, 37 % fett",365,dressing/majones
"Frokostsalat, majonessalat, med ostemasse",442,dressing/majones
"Italiensk salat, majonessalat, 37 % fett",360,dressing/majones
"Majones, ekstra lett, 25 % fett",257,dressing/majones
"Majones, ekte",728,dressing/majones
"Majones, lett, 40 % fett",394,dressing/majones
"Majones, lett, 50 % fett",465,dressing/majones
"Rekesalat, majonessalat, 35 % fett",359,dressing/majones
Remulade,617,dressing/majones
"Rødbetsalat, majonessalat, 30 % fett",317,dressing/majones
"Salatdressing, olje og eddik, fransk dressing",414,dressing/majones
"Salatdressing, uten fett",61,dressing/majones
Sennepssaus,441,dressing/majones
Waldorfsalat,242,dressing/majones
Café au lait,31,drikke
"Caffe latte, enkel, med helmelk",58,drikke
"Caffe latte, enkel, med lettmelk",41,drikke
Caffe mocca,91,drikke
"Cappucino, enkel, med helmelk",53,drikke
"Cappucino, enkel, med lettmelk",38,drikke
"Cortado, enkel",32,drikke
"Espresso, enkel",9,drikke
"Kaffe, pulver, tilberedt",0,drikke
"Kaffe, traktet, kokt",1,drikke
"Macchiato, enkel",76,drikke
"Mineralvann, med kullsyre, Bonaqua naturell",0,drikke
"Mineralvann, med kullsyre, Bris naturell",0,drikke
"Mineralvann, med kullsyre, Farris naturell",0,drikke
"Mineralvann, med kullsyre, Olden",0,drikke
"Mineralvann, uten kullsyre, Bonaqua naturell",0,drikke
"Mineralvann, uten kullsyre, Olden",0,drikke
"Te, grønn, tilberedt",0,drikke
"Te, svart, tilberedt",0,drikke
"Vann, drikkevann",0,drikke
Ananasjuice,50,drikke
Appelsinjuice,43,drikke
"Appelsinsaft, drikkeklar",34,drikke
"Appelsinsaft, ublandet",173,drikke
"Brus, Bitter lemon",44,drikke
"Brus, cola, kunstig søtet, lett",0,drikke
"Brus, cola, med sukker",42,drikke
"Brus, fruktjuice, kunstig søtet, lett, Solo light, Mozell light o.l.",4,drikke
"Brus, fruktjuice, med sukker, Solo, Mozell o.l.",44,drikke
"Brus, sitronsmak, kunstig søtet, lett",0,drikke
"Brus, sitronsmak, med sukker",40,drikke
"Brus, Tonic water",36,drikke
Druejuice,66,drikke
"Energidrikk, tilsatt taurin, koffein og B-vitaminer",49,drikke
"Energidrikk, tilsatt taurin, koffein og B-vitaminer, sukkerfri",3,drikke
"Eplejuice, most",42,drikke
Eplenektar,43,drikke
Grapefruktjuice,39,drikke
"Havredrikke, sjokoladesmak, tilsatt kalsium og vitaminer",42,drikke
"Havredrikke, tilsatt kalsium og vitaminer",46,drikke
"Husholdningssaft, drikkeklar",42,drikke
"Husholdningssaft, ublandet, kjøpt",203,drikke
"Iste, kunstig søtet, lett, Nestea",0,drikke
"Iste, Nestea",18,drikke
Kokosvann,18,drikke
"Leskedrikk, kunstig søtet, drikkeklar",4,drikke
Mandeldrikke,26,drikke
"Mandeldrikke, tilsatt kalsium og vitaminer",26,drikke
Risdrikke,36,drikke
"Saft, 1000 g sukker pr. l råsaft, drikkeklar",43,drikke
"Saft, 1000 g sukker pr. l råsaft, ublandet",217,drikke
"Saft, 500 g sukker pr. l råsaft, drikkeklar",39,drikke
"Saft, 500 g sukker pr. l råsaft, ublandet",156,drikke
"Sitronsaft, flaske",8,drikke
"Smoothie, med juice, banan og bær",57,drikke
"Smoothie, med yoghurt, juice, banan og bær",60,drikke
"Solbærsaft, 1000 g sukker pr. l råsaft, drikkeklar",43,drikke
"Solbærsaft, 1000 g sukker pr. l råsaft, ublandet",217,drikke
"Solbærsaft, 500 g sukker pr. l råsaft, drikkeklar",39,drikke
"Solbærsaft, 500 g sukker pr. l råsaft, ublandet",156,drikke
"Solbærsirup, drikkeklar",32,drikke
"Solbærsirup, ublandet",193,drikke
"Soyadrikke, tilsatt kalsium, søtet",44,drikke
"Soyadrikke, tilsatt kalsium, usøtet",41,drikke
Tranebærjuice,51,drikke
Tropisk juice,43,drikke
"Brennevin, 40 vol-% alkohol",244,alkohol
"Brennevin, 60 vol-% alkohol",369,alkohol
"Cider, søt, 4,5 vol-% alkohol",59,alkohol
"Dessertvin, ekstra søt, musserende",76,alkohol
"Gulløl, 5,7 vol-% alkohol",58,alkohol
"Hetvin, søt, 17 vol-% alkohol",138,alkohol
"Hetvin, tørr, 15 vol-% alkohol",96,alkohol
"Hvitvin, halvsøt/søt, inkl musserende",72,alkohol
"Hvitvin, halvtørr, 10 vol-% alkohol",72,alkohol
"Hvitvin, rosé, musserende",104,alkohol
"Hvitvin, tørr, 12 vol-% alkohol",69,alkohol
"Lettøl, lett, 2,5 vol-% alkohol",25,alkohol
"Likør, 17 vol-% alkohol, fløtebasert",303,alkohol
"Likør, 35 vol-% alkohol",313,alkohol
"Likør, søt, 21 vol-% alkohol",225,alkohol
"Mørkt øl, Bayer og juleøl, 4,5-4,7 vol-% alkohol",42,alkohol
"Pils, 4,7 vol-% alkohol",41,alkohol
"Rødvin, 12 vol-% alkohol",74,alkohol
"Rødvin, tørr",64,alkohol
"Rødvin, uspesifisert",70,alkohol
"Sterkvin, søt, portvin, 20 vol-% alkohol",151,alkohol
"Sterkvin, søt, vermouth, 15 vol-% alkohol",130,alkohol
"Sterkøl, bokkøl, 6,5 vol-% alkohol",63,alkohol
"Vin, alkoholfri",17,alkohol
"Vin, alkoholsvak",36,alkohol
Vørterøl,38,alkohol
"Øl, alkoholfritt",24,alkohol
"Øl, redusert energiinnhold, lavkarbo",32,alkohol
"Kjøttkaker med ertestuing, Fjordland",110,Ferdigmat
"Kjøttsuppe med grønnsaker og poteter, Fjordland",41,Ferdigmat
"Kokt laks med urtesaus, gulrot og poteter, Fjordland",101,Ferdigmat
"Pai, med skinke og ost",281,Ferdigmat
"Pannekaker, av pulver, Toro",158,Ferdigmat
"Pannekaker, grove",152,Ferdigmat
"Pannekaker, med helmelk, stekt i hard margarin",203,Ferdigmat
"Pannekaker, med lettmelk, stekt i hard margarin",186,Ferdigmat
"Pannekaker, med lettmelk, stekt i myk margarin",183,Ferdigmat
"Pannekaker, med skummet melk, stekt i hard margarin",175,Ferdigmat
"Pannekaker, med skummet melk, stekt uten fett",154,Ferdigmat
"Pizza, Big One Classic",218,Ferdigmat
"Pizza, Big One New York Grilled Steak",202,Ferdigmat
"Pizza, Grandiosa kjøttdeig og løk",197,Ferdigmat
"Pizza, Grandiosa Original",198,Ferdigmat
"Pizza, kjøpt",220,Ferdigmat
"Pizza, med tomatsaus og ost",181,Ferdigmat
"Pizza, Ristorante Mozarella",260,Ferdigmat
"Pizza, Ristorante Speciale",236,Ferdigmat
"Pizza, Stenovnsbakt Tradizionale Diavola",227,Ferdigmat
"Pizza, Take Away Meat Lover by Big One",218,Ferdigmat
"Pizzafyllbasis, uten kjøtt",65,Ferdigmat
"Svinestek med surkål og poteter, Fjordland",79,Ferdigmat
"Taco med skjell/tubs, kjøttdeig, grønnsaker",212,Ferdigmat
"Taco med skjell/tubs, kylling, grønnsaker",134,Ferdigmat
"Taco med skjell/tubs, laks, grønnsaker",227,Ferdigmat
"Taco med tortilla, kjøttdeig, grønnsaker",212,Ferdigmat
"Taco med tortilla, kylling, grønnsaker",134,Ferdigmat
"Taco med tortilla, laks, grønnsaker",204,Ferdigmat
"Bernaisesaus, av pulver",221,supper/gryterett
"Betasuppe, av pulver, tilberedt",37,supper/gryterett
"Blomkål/brokkolisuppe, Rett i koppen",34,supper/gryterett
"Blomkålsuppe, av pulver",33,supper/gryterett
"Brokkkolisuppe, protein- og energirik",138,supper/gryterett
"Brun saus, av blokk",55,supper/gryterett
"Brun saus, kjøttkakesaus, av pulver",34,supper/gryterett
"Brun saus, med løk, av pulver",39,supper/gryterett
"Dipsaus, sursøt barbequesaus",96,supper/gryterett
"Ertestuing, av pulver",134,supper/gryterett
"Ertesuppe, av pulver",57,supper/gryterett
"Fiskesuppe, Bergensk, av pulver",39,supper/gryterett
"Grytebasis, Jegergryte, uten kjøtt",118,supper/gryterett
"Grytebasis, med pasta, italiensk, uten kjøtt",63,supper/gryterett
"Grytebasis, med ris, meksikansk, uten kjøtt",69,supper/gryterett
"Grytebasis, orientalsk, uten kjøtt",57,supper/gryterett
"Grytebasis, Pasta di Napoli, uten kjøtt",122,supper/gryterett
"Grytebasis, Stroganoff, uten kjøtt",64,supper/gryterett
"Hvit saus, av pulver",69,supper/gryterett
"Kjøttbuljong, tilberedt",3,supper/gryterett
"Kyllingsuppe, protein- og energirik",138,supper/gryterett
"Pesto, grønn, hjemmelaget",632,supper/gryterett
"Pesto, grønn, kjøpt",520,supper/gryterett
"Sjysaus, av pulver",18,supper/gryterett
Soyasaus,84,supper/gryterett
"Tomatsuppe, av pulver",36,supper/gryterett
"Tomatsuppe, med krutonger, Rett i koppen",41,supper/gryterett
"Tomatsuppe, med makaroni, av pulver",43,supper/gryterett
"Viltsaus, av pulver",79,supper/gryterett
"Eggekrem, vaniljekrem",116,dessert/iskrem
"Fromasj, av pulver",187,dessert/iskrem
"Fruktsaus, av pulver",56,dessert/iskrem
"Fruktsuppe, av pulver",49,dessert/iskrem
"Gelé, av pulver",82,dessert/iskrem
"Iskrem, fløte, med ekstra sjokolade",275,dessert/iskrem
"Iskrem, fløte, med sjokoladebiter",241,dessert/iskrem
"Iskrem, fløtebasert",194,dessert/iskrem
"Iskrem, lettis, med mindre sukker og fett",140,dessert/iskrem
"Iskrem, med kjeks, Krone-is med jordbær",268,dessert/iskrem
"Iskrem, med kjeks, Krone-is med sjokolade",300,dessert/iskrem
"Iskrem, med kjeks, Lion King Size",326,dessert/iskrem
"Iskrem, med kjeks, sjokolade, nøtter",263,dessert/iskrem
"Iskrem, med kjeks, syltetøy, sjokolade",234,dessert/iskrem
"Iskrem, pinneis, Royal Mørk",298,dessert/iskrem
"Iskrem, vegetabilsk fett, margarinis, 10 % fett",193,dessert/iskrem
"Iskrem, yoghurtis",173,dessert/iskrem
"Kakekrem, romsmak, Piano",151,dessert/iskrem
"Karamellpudding, Piano",128,dessert/iskrem
Karamellsaus,280,dessert/iskrem
Melisglasur,342,dessert/iskrem
Moltekrem,272,dessert/iskrem
"Nypesuppe, av pulver",47,dessert/iskrem
Panna cotta,367,dessert/iskrem
"Pudding, mandelsmak, Piano",104,dessert/iskrem
Riskrem,173,dessert/iskrem
Rislunsj med jordbær,137,dessert/iskrem
Saftis,71,dessert/iskrem
"Saftis, Lollipop",120,dessert/iskrem
Sjokoladefondant,415,dessert/iskrem
Sjokoladeglasur,382,dessert/iskrem
Sjokolademousse,362,dessert/iskrem
"Sjokoladepudding, av pulver",92,dessert/iskrem
"Sjokoladepudding, Piano",123,dessert/iskrem
"Sjokoladesaus, kjøpt",268,dessert/iskrem
"Smørkrem, med hard margarin",541,dessert/iskrem
"Smørkrem, med smør",555,dessert/iskrem
Sorbet,181,dessert/iskrem
"Tilslørte bondepiker, med kavring",228,dessert/iskrem
Trollkrem,129,dessert/iskrem
"Vaniljekrem, med helmelk",115,dessert/iskrem
"Vaniljekrem, Piano",148,dessert/iskrem
"Vaniljesaus, av pulver",76,dessert/iskrem
"Vaniljesaus, Piano",147,dessert/iskrem
Baconcrisp,606,snacks/chips
Chilinøtter,519,snacks/chips
"Chilinøtter, Den lille nøttefabrikken",531,snacks/chips
"Chilinøtter, Eldorado",522,snacks/chips
"Chilinøtter, Polly",505,snacks/chips
Ostepop,495,snacks/chips
"Popcorn, kjøpt",398,snacks/chips
"Popcorn, mikrobølgeovn",457,snacks/chips
"Popcorn, poppet i soyaolje",453,snacks/chips
"Popcorn, uten fett",367,snacks/chips
Potetchips,517,snacks/chips
"Potetchips, Kims",509,snacks/chips
"Potetchips, Maarud",525,snacks/chips
"Potetchips, med mindre fett",458,snacks/chips
"Potetchips, stekt i peanøttolje",509,snacks/chips
"Potetchips, Sørlandschips",471,snacks/chips
"Potetskruer, potetringer",490,snacks/chips
Saltstenger,380,snacks/chips
"Tortillachips, nachochips",475,snacks/chips
"Tortillachips, nachochips, Maarud Tortilla Cheese",491,snacks/chips
"Tortillachips, nachochips, Santa Maria",459,snacks/chips
Bakepulver,172,diverse
Balsamicoeddik,62,diverse
Butterdeig,397,diverse
"Eddik, 7 %",4,diverse
Filodeig,285,diverse
Floradix,74,diverse
"Gelatin, plater/pulver",343,diverse
"Gjær, pressgjær",107,diverse
"Gjær, tørrgjær",341,diverse
Havsalt,0,diverse
Kakaopulver,379,diverse
"Karripasta, curry paste",269,diverse
"Kokosmasse, usøtet",666,diverse
Kokosmelk,209,diverse
"Kokosmelk, mager, hermetisk",72,diverse
"Kondensert melk, søtet",327,diverse
Mineralsalt,0,diverse
"Miso, fermentert soyabønnepasta",172,diverse
"Multi 0,65 g/stk, Nycoplus",6,diverse
"Multi Barn 1,1 g/stk, Nycoplus",84,diverse
"Multi Vitaminmikstur, Nycoplus",182,diverse
Natron,0,diverse
"Salt, bordsalt",0,diverse
"Salt, bordsalt, jodert, Jozo",0,diverse
Sanasol,213,diverse
Sennep,158,diverse
Urtesalt,47,diverse
"Vitaminbjørner, 2,1 g/stk, Collett",105,diverse
"Vitamineral, 0,55 g/stk, Vitaplex",35,diverse
Wonton-ark,281,diverse
